{"model_choice": "ARIMA", "annualized_forecast_return": -0.4425776535061833, "pct_change_12m": -44.25776535061833, "ci_widening_factor": 1.95}