{"weights": {"TSLA": 0.0, "BND": 0.0, "SPY": 1.0}, "expected_return": 0.12774562865671307, "expected_volatility": 0.1772049256011732, "sharpe_ratio": 0.7208920870756389}